600,Zelenia,Henson,1982-07-03 03:28:39
601,Thomas,Mathews,1954-11-21 20:34:03
602,Kevyn,Whitney,1984-09-21 06:24:25
603,Marny,Leon,1984-06-10 21:32:09
604,Jarrod,Gay,1960-06-22 19:11:04
605,Chastity,Wyatt,1975-08-14 20:03:22
606,Remedios,Shannon,1967-10-19 08:11:09
607,Martina,Valenzuela,1989-11-11 01:03:54
608,Ulla,Mcdaniel,1956-05-18 21:36:07
609,Flavia,Chen,1976-01-24 05:26:08
610,Sydnee,Martinez,1979-01-22 22:51:57
611,Adara,Hodges,1954-12-13 15:14:18
612,Martin,Patrick,1965-08-08 08:37:14
613,Carla,Mejia,1983-09-26 12:58:00
614,Alea,Sellers,1957-05-15 20:53:43
615,Maite,Ellison,1989-11-20 15:49:39
616,Alan,Curtis,1972-10-21 20:27:50
617,Kiona,Donaldson,1990-01-25 07:52:54
618,Octavius,Hester,1990-07-19 06:33:08
619,Yvonne,Dudley,1977-12-19 13:42:10
620,Kieran,Vargas,1961-12-30 18:31:18
621,Selma,Lucas,1982-01-23 20:45:45
622,Burton,Barnett,1979-08-08 09:12:57
623,Kaitlin,Malone,1990-05-21 19:26:00
624,Madison,Blackwell,1966-10-16 08:01:05
625,Erich,Browning,1954-08-11 19:58:30
626,Joshua,Mills,1974-04-02 15:36:41
627,Eliana,Downs,1974-01-12 01:10:59
628,Giacomo,Saunders,1960-08-28 11:33:58
629,Donna,Carey,1958-12-14 09:04:20
630,Cedric,Pennington,1990-06-11 10:38:30
631,Xantha,Mckee,1958-09-10 01:35:26
632,Rhona,Strickland,1987-10-05 13:28:12
633,Beverly,Sharp,1987-05-26 08:24:25
634,Cailin,Kim,1975-03-29 20:03:20
635,Tanek,Graves,1967-10-17 00:33:51
636,Quinn,Guthrie,1963-02-23 05:06:59
637,Declan,Church,1963-11-16 20:47:05
638,Lysandra,Cunningham,1964-04-12 21:09:29
639,Allistair,Lawson,1963-04-10 08:24:36
640,Rylee,Haynes,1958-02-04 15:37:42
641,Neve,Myers,1951-02-14 21:46:20
642,Kevin,Deleon,1957-11-29 21:05:31
643,Wallace,Ochoa,1959-10-26 15:42:18
644,Patience,Dawson,1972-07-22 15:45:19
645,Carla,Burch,1963-03-12 03:30:27
646,Fallon,Mcintosh,1960-03-18 10:41:19
647,Stephen,Figueroa,1966-03-28 20:30:22
648,Katell,Sanders,1990-10-23 12:03:41
649,Tyler,Dillard,1957-02-09 04:30:56
650,Kessie,Waller,1975-03-14 08:05:32
651,Stewart,Mason,1982-10-25 13:20:57
652,Kitra,Pittman,1960-01-14 20:50:04
653,Ivor,Gordon,1953-11-12 15:03:03
654,Dane,Le,1956-09-26 04:48:59
655,Silas,Delaney,1950-12-24 19:40:51
656,Avram,Chambers,1989-01-21 18:19:17
657,Joan,Banks,1966-04-24 15:45:29
658,Kennan,Small,1986-08-20 13:24:58
659,Sebastian,Mcintyre,1960-05-25 13:13:42
660,Armand,Moon,1984-05-11 16:17:24
661,Edward,Ortega,1957-08-24 08:23:59
662,Donovan,Burris,1961-07-18 09:00:51
663,Aurora,Velez,1973-05-08 17:00:51
664,Cailin,Ferrell,1959-08-13 10:02:26
665,Cade,Thomas,1984-12-11 21:44:11
666,Shoshana,Le,1957-08-28 11:58:26
667,Maggy,Hartman,1955-08-26 12:26:50
668,Bradley,Talley,1965-12-11 15:08:12
669,Carlos,Gonzales,1963-12-10 17:43:02
670,Julian,Jensen,1982-10-18 09:25:43
671,Colby,Rogers,1990-08-28 13:02:58
672,Allegra,Neal,1988-07-01 04:45:41
673,Melinda,Quinn,1979-02-02 10:07:05
674,Wayne,Mendez,1983-01-20 16:51:30
675,Vivian,Massey,1980-06-17 20:14:24
676,Gary,Berger,1980-08-02 04:40:38
677,Seth,Jensen,1970-12-22 10:36:53
678,Noble,Reese,1959-11-25 21:09:18
679,Yeo,Byrd,1967-09-02 05:38:35
680,Ingrid,Leach,1954-04-08 19:40:11
681,Vaughan,Frazier,1972-08-27 14:23:30
682,Ima,Howe,1955-02-20 09:13:22
683,Kaitlin,Wall,1961-05-08 19:34:37
684,Nichole,Schmidt,1986-12-22 08:49:39
685,Lesley,Roy,1958-07-20 14:58:54
686,Tyler,Pierce,1969-03-06 01:37:51
687,Branden,Carver,1973-02-12 11:55:33
688,Kerry,Miranda,1961-01-07 13:47:56
689,Ariel,Cruz,1973-04-05 16:12:12
690,Thor,Sykes,1976-10-31 01:03:53
691,Quincy,Garza,1985-07-15 15:26:50
692,Whilemina,Cabrera,1978-04-10 12:36:17
693,Zia,Dean,1981-09-09 13:10:15
694,Quemby,Thompson,1958-11-12 15:39:21
695,Francis,Patton,1980-01-03 08:05:23
696,Janna,Moran,1960-06-17 14:14:31
697,Joelle,Craig,1981-02-19 13:01:55
698,Castor,Harrington,1985-04-26 23:04:04
699,Bell,Hunt,1951-11-17 15:34:39
700,Hall,Clarke,1987-01-29 20:34:20
701,Wade,Moore,1970-09-06 06:54:35
702,Jana,Bennett,1978-04-28 13:24:27
703,Winter,Beard,1963-02-17 10:14:24
704,Melanie,Willis,1966-08-08 02:57:33
705,Meghan,Graves,1950-12-23 05:10:24
706,Byron,Flores,1977-03-07 15:01:01
707,Shaeleigh,Schroeder,1978-12-26 07:18:26
708,Noelani,Woods,1981-12-26 04:03:25
709,Kristen,Humphrey,1954-11-13 19:34:57
710,Quon,Franklin,1988-04-05 05:08:30
711,Hedwig,Wiley,1977-09-08 09:55:37
712,Brock,Bishop,1957-11-25 18:08:02
713,Lisandra,Weiss,1979-10-13 10:55:22
714,Reed,Myers,1957-10-27 14:35:26
715,Rhonda,Kent,1979-11-23 06:12:00
716,Moana,Cote,1981-03-13 20:36:07
717,Isadora,Wilson,1980-08-13 00:05:04
718,Sonia,Ramsey,1972-06-20 12:58:06
719,Keegan,Warren,1966-01-10 07:26:51
720,Asher,Bailey,1988-07-17 19:54:19
721,Prescott,Holcomb,1976-12-21 21:05:39
722,Rafael,Watson,1964-02-10 08:11:02
723,Xenos,Dawson,1979-09-14 23:13:47
724,Xaviera,Avila,1965-07-07 07:53:44
725,Latifah,Vincent,1987-07-03 23:04:41
726,Amena,Harrison,1972-06-22 16:31:10
727,Tatiana,Vincent,1958-07-10 17:32:06
728,Jelani,Hansen,1964-12-09 11:46:04
729,Pascale,Blevins,1962-12-20 14:25:00
730,Zeph,Powell,1968-09-06 18:38:24
731,Laith,Guthrie,1961-02-08 03:54:16
732,Bevis,Skinner,1978-09-04 17:54:07
733,Jonah,Mullins,1955-09-30 08:53:09
734,Lynn,Middleton,1990-10-29 04:53:25
735,Tashya,Hanson,1960-08-16 15:36:59
736,Noelani,Bridges,1982-07-13 15:03:24
737,Bruno,Sherman,1985-02-18 21:18:07
738,Risa,Weiss,1975-05-29 04:57:07
739,Stacy,Wynn,1969-11-21 16:53:19
740,Justine,Cantrell,1951-07-01 12:36:51
741,Myra,Suarez,1960-10-23 01:28:50
742,Castor,Ball,1974-07-19 21:04:51
743,Bradley,Hurley,1985-11-13 06:45:48
744,Cameran,Rogers,1985-04-27 20:40:18
745,Helen,Woods,1987-08-29 01:16:02
746,Cooper,Edwards,1971-03-11 16:56:01
747,Alec,Finley,1980-02-08 06:03:12
748,Kylan,Adams,1970-06-05 04:24:52
749,Kelsey,Coffey,1970-03-30 06:52:47
750,Willa,Howard,1987-04-19 03:06:06
751,Shea,Fernandez,1990-08-29 00:59:55
752,Rinah,Christian,1958-09-28 22:49:18
753,Todd,Wolfe,1968-08-10 22:01:56
754,Nora,Wallace,1978-10-10 17:04:18
755,Lewis,Joseph,1964-06-29 14:27:32
756,Charles,Duffy,1961-09-06 08:41:54
757,Grady,Barlow,1978-03-28 04:39:14
758,Petra,Horne,1975-05-07 00:04:57
759,Wesley,Clements,1982-02-12 22:02:15
760,Arsenio,Frost,1979-09-23 23:47:41
761,Wylie,Whitley,1951-06-27 02:01:48
762,Kendall,Baird,1965-09-04 01:04:09
763,Jacob,Cannon,1954-07-26 04:15:06
764,Ciaran,Pierce,1972-04-05 02:59:34
765,Chester,Brock,1966-11-02 04:45:26
766,Lance,Collier,1989-03-13 08:43:45
767,Justin,Terrell,1962-10-21 03:51:38
768,Chancellor,Merrill,1983-08-02 02:09:50
769,Juliet,Conley,1955-01-30 21:06:33
770,Karyn,Humphrey,1985-01-24 10:05:14
771,Scarlett,Stuart,1956-11-14 17:47:28
772,Jakeem,Morrow,1958-03-21 08:22:01
773,Vivian,Harmon,1957-05-29 04:51:14
774,Jolie,Jimenez,1988-08-01 02:44:14
775,Nissim,Graham,1978-03-04 20:23:17
776,Ronan,Sweeney,1951-07-21 15:09:03
777,Ruth,Sellers,1967-07-13 08:07:04
778,Kyra,Dorsey,1952-11-28 06:20:33
779,Meghan,Wiley,1951-07-21 18:17:37
780,Martena,Baird,1986-09-26 13:33:45
781,Julie,Morgan,1972-02-02 03:09:11
782,Leslie,Mcdaniel,1974-07-31 14:52:34
783,Lucius,Wright,1965-05-23 22:09:24
784,Leilani,Blair,1964-03-02 07:00:07
785,Neve,Hyde,1966-03-21 10:15:10
786,Cheyenne,Scott,1966-10-31 16:14:09
787,Daquan,Sheppard,1979-07-02 17:06:04
788,Calista,Brown,1986-08-26 19:33:10
789,Phoebe,Paul,1975-05-27 16:57:14
790,Neve,Porter,1971-09-30 09:10:07
791,Geraldine,Burns,1979-12-06 09:59:13
792,Sophia,Ramsey,1964-06-14 11:38:45
793,Cedric,Miles,1966-11-07 11:15:04
794,Dorian,Murray,1969-09-24 12:54:33
795,Autumn,Patterson,1974-04-04 12:34:39
796,Maxwell,Miles,1972-03-25 09:17:26
797,Reese,Maynard,1987-04-07 13:55:34
798,Sybill,Powers,1953-02-09 13:37:24
799,Lawrence,Lawson,1964-06-30 02:35:35